Terminal;Conexion;Hora inicio de sesion;Hora de fin de sesion;Datos personales CMS;Datos personales CC
WEB;Ethernet;2021-08-22 11:43:01.731;2021-08-22 11:43:08.060;1755;4574
WEB;Ethernet;2021-08-22 11:43:37.181;2021-08-22 11:43:44.078;1903;4994
WEB;Ethernet;2021-08-22 11:44:28.050;2021-08-22 11:44:34.252;1805;4397
WEB;Ethernet;2021-08-22 11:45:01.550;2021-08-22 11:45:07.428;1721;4157
WEB;Ethernet;2021-08-22 11:45:34.967;2021-08-22 11:45:41.540;1967;4606
WEB;Ethernet;2021-08-22 11:46:08.769;2021-08-22 11:46:14.915;1879;4267
WEB;Ethernet;2021-08-22 11:46:42.457;2021-08-22 11:46:52.871;2007;8407
WEB;Ethernet;2021-08-22 11:47:20.580;2021-08-22 11:47:27.199;2013;4606
WEB;Ethernet;2021-08-22 11:47:54.896;2021-08-22 11:48:01.597;1978;4723
WEB;Ethernet;2021-08-22 11:48:28.951;2021-08-22 11:48:35.584;1823;4810
WEB;Ethernet;2021-08-22 11:49:03.186;2021-08-22 11:49:09.248;1959;4103
WEB;Ethernet;2021-08-22 11:49:36.654;2021-08-22 11:49:43.067;2040;4373
WEB;Ethernet;2021-08-22 11:50:10.815;2021-08-22 11:50:17.540;2058;4667
WEB;Ethernet;2021-08-22 11:50:45.130;2021-08-22 11:50:51.504;1872;4502
WEB;Ethernet;2021-08-22 11:51:19.183;2021-08-22 11:51:25.364;1910;4271
WEB;Ethernet;2021-08-22 11:51:52.741;2021-08-22 11:52:03.314;1782;8791
WEB;Ethernet;2021-08-22 11:52:30.951;2021-08-22 11:52:37.326;1861;4514
WEB;Ethernet;2021-08-22 11:53:04.231;2021-08-22 11:53:10.740;2222;4287
WEB;Ethernet;2021-08-22 11:53:36.437;2021-08-22 11:53:42.852;1765;4650
WEB;Ethernet;2021-08-22 11:54:08.480;2021-08-22 11:54:14.879;1844;4555
WEB;Ethernet;2021-08-22 11:54:39.500;2021-08-22 11:54:46.211;1928;4783
WEB;Ethernet;2021-08-22 11:55:11.381;2021-08-22 11:55:17.465;1827;4257
WEB;Ethernet;2021-08-22 11:55:42.212;2021-08-22 11:55:48.789;2037;4539
WEB;Ethernet;2021-08-22 11:56:14.023;2021-08-22 11:56:20.261;1872;4366
WEB;Ethernet;2021-08-22 11:56:45.100;2021-08-22 11:56:51.781;1827;4854
WEB;Ethernet;2021-08-22 11:57:16.872;2021-08-22 11:57:27.931;1710;9349
WEB;Ethernet;2021-08-22 11:57:52.785;2021-08-22 11:57:59.220;1851;4584
WEB;Ethernet;2021-08-22 11:58:24.872;2021-08-22 11:58:30.837;1747;4218
WEB;Ethernet;2021-08-22 11:58:56.405;2021-08-22 11:59:02.850;1809;4636
WEB;Ethernet;2021-08-22 11:59:28.117;2021-08-22 11:59:34.208;1773;4318
WEB;Ethernet;2021-08-22 11:59:59.367;2021-08-22 12:00:06.668;2305;4996
WEB;Ethernet;2021-08-22 12:00:33.201;2021-08-22 12:00:39.415;1607;4607
WEB;Ethernet;2021-08-22 12:01:05.068;2021-08-22 12:01:12.570;2543;4959
WEB;Ethernet;2021-08-22 12:01:37.877;2021-08-22 12:01:44.324;1863;4584
WEB;Ethernet;2021-08-22 12:02:09.988;2021-08-22 12:02:16.224;1605;4631
WEB;Ethernet;2021-08-22 12:02:41.702;2021-08-22 12:02:51.324;2766;6856
WEB;Ethernet;2021-08-22 12:03:17.878;2021-08-22 12:03:25.363;2371;5114
WEB;Ethernet;2021-08-22 12:03:50.222;2021-08-22 12:03:58.721;1618;6881
WEB;Ethernet;2021-08-22 12:04:24.458;2021-08-22 12:04:30.677;1656;4563
WEB;Ethernet;2021-08-22 12:04:55.965;2021-08-22 12:05:03.269;1875;5429
WEB;Ethernet;2021-08-22 12:05:28.681;2021-08-22 12:05:36.856;2388;5787
WEB;Ethernet;2021-08-22 12:06:05.128;2021-08-22 12:06:12.060;2081;4851
WEB;Ethernet;2021-08-22 12:06:37.787;2021-08-22 12:06:43.823;1796;4240
WEB;Ethernet;2021-08-22 12:07:09.014;2021-08-22 12:07:17.489;1971;6504
WEB;Ethernet;2021-08-22 12:07:43.612;2021-08-22 12:07:54.572;1756;9204
WEB;Ethernet;2021-08-22 12:08:21.081;2021-08-22 12:08:27.441;1657;4703
WEB;Ethernet;2021-08-22 12:08:52.507;2021-08-22 12:08:59.205;2060;4638
WEB;Ethernet;2021-08-22 12:09:25.140;2021-08-22 12:09:31.109;1404;4565
WEB;Ethernet;2021-08-22 12:09:56.813;2021-08-22 12:10:03.206;1789;4604
WEB;Ethernet;2021-08-22 12:10:28.493;2021-08-22 12:10:35.453;1801;5159
WEB;Ethernet;2021-08-22 12:11:01.070;2021-08-22 12:11:07.645;1799;4776
WEB;Ethernet;2021-08-22 12:11:34.178;2021-08-22 12:11:40.787;2091;4518
WEB;Ethernet;2021-08-22 12:12:06.710;2021-08-22 12:12:13.025;1802;4513
WEB;Ethernet;2021-08-22 12:12:38.697;2021-08-22 12:12:44.963;1943;4323
WEB;Ethernet;2021-08-22 12:13:10.281;2021-08-22 12:13:19.211;1814;7116
WEB;Ethernet;2021-08-22 12:13:44.806;2021-08-22 12:13:51.149;1786;4557
WEB;Ethernet;2021-08-22 12:14:16.750;2021-08-22 12:14:22.826;1511;4565
WEB;Ethernet;2021-08-22 12:14:47.904;2021-08-22 12:14:54.402;1810;4688
WEB;Ethernet;2021-08-22 12:15:20.004;2021-08-22 12:15:25.993;1699;4290
WEB;Ethernet;2021-08-22 12:15:51.553;2021-08-22 12:15:57.484;1699;4232
WEB;Ethernet;2021-08-22 12:16:22.472;2021-08-22 12:16:29.054;2008;4574
WEB;Ethernet;2021-08-22 12:16:54.865;2021-08-22 12:17:01.666;1704;5097
WEB;Ethernet;2021-08-22 12:17:29.679;2021-08-22 12:17:35.827;1787;4361
WEB;Ethernet;2021-08-22 12:18:01.303;2021-08-22 12:18:07.963;2041;4618
WEB;Ethernet;2021-08-22 12:18:33.755;2021-08-22 12:18:42.064;1688;6621
WEB;Ethernet;2021-08-22 12:19:07.624;2021-08-22 12:19:13.945;1718;4603
WEB;Ethernet;2021-08-22 12:19:39.782;2021-08-22 12:19:46.020;1982;4256
WEB;Ethernet;2021-08-22 12:20:11.328;2021-08-22 12:20:17.323;1670;4325
WEB;Ethernet;2021-08-22 12:20:43.001;2021-08-22 12:20:49.401;1838;4562
WEB;Ethernet;2021-08-22 12:21:15.142;2021-08-22 12:21:21.282;1771;4369
WEB;Ethernet;2021-08-22 12:21:46.744;2021-08-22 12:21:52.704;1598;4362
WEB;Ethernet;2021-08-22 12:22:18.454;2021-08-22 12:22:24.473;1847;4172
WEB;Ethernet;2021-08-22 12:22:49.583;2021-08-22 12:22:56.275;1742;4950
WEB;Ethernet;2021-08-22 12:23:21.973;2021-08-22 12:23:28.392;1814;4605
WEB;Ethernet;2021-08-22 12:23:53.580;2021-08-22 12:24:02.205;1796;6829
WEB;Ethernet;2021-08-22 12:24:28.056;2021-08-22 12:24:34.435;1762;4617
WEB;Ethernet;2021-08-22 12:24:59.340;2021-08-22 12:25:05.263;1803;4120
WEB;Ethernet;2021-08-22 12:25:31.397;2021-08-22 12:25:38.337;1776;5164
WEB;Ethernet;2021-08-22 12:26:03.638;2021-08-22 12:26:10.269;1859;4772
WEB;Ethernet;2021-08-22 12:26:36.223;2021-08-22 12:26:42.317;1834;4260
WEB;Ethernet;2021-08-22 12:27:07.566;2021-08-22 12:27:14.240;2096;4578
WEB;Ethernet;2021-08-22 12:27:40.354;2021-08-22 12:27:46.852;1912;4586
WEB;Ethernet;2021-08-22 12:28:12.497;2021-08-22 12:28:19.023;1917;4609
WEB;Ethernet;2021-08-22 12:28:45.212;2021-08-22 12:28:51.085;1888;3985
WEB;Ethernet;2021-08-22 12:29:16.921;2021-08-22 12:29:26.434;1340;8173
WEB;Ethernet;2021-08-22 12:29:52.347;2021-08-22 12:29:58.953;1823;4783
WEB;Ethernet;2021-08-22 12:30:24.167;2021-08-22 12:30:30.848;1925;4756
WEB;Ethernet;2021-08-22 12:30:56.772;2021-08-22 12:31:05.298;3257;5269
WEB;Ethernet;2021-08-22 12:31:31.000;2021-08-22 12:31:41.372;3076;7296
WEB;Ethernet;2021-08-22 12:32:07.202;2021-08-22 12:32:13.810;1922;4686
WEB;Ethernet;2021-08-22 12:32:39.419;2021-08-22 12:32:50.384;1800;9165
WEB;Ethernet;2021-08-22 12:33:16.073;2021-08-22 12:33:22.870;1931;4866
WEB;Ethernet;2021-08-22 12:33:49.115;2021-08-22 12:33:55.125;1776;4234
WEB;Ethernet;2021-08-22 12:34:21.223;2021-08-22 12:34:30.445;2043;7179
WEB;Ethernet;2021-08-22 12:34:55.849;2021-08-22 12:35:02.113;1659;4605
WEB;Ethernet;2021-08-22 12:35:27.566;2021-08-22 12:35:34.397;1951;4880
WEB;Ethernet;2021-08-22 12:36:01.538;2021-08-22 12:36:07.678;2015;4125
WEB;Ethernet;2021-08-22 12:36:33.039;2021-08-22 12:36:39.216;1643;4534
WEB;Ethernet;2021-08-22 12:37:05.316;2021-08-22 12:37:11.665;1741;4608
WEB;Ethernet;2021-08-22 12:37:37.323;2021-08-22 12:37:43.934;1631;4980
WEB;Ethernet;2021-08-22 12:38:10.170;2021-08-22 12:38:16.686;1741;4775
WEB;Ethernet;2021-08-22 12:38:42.461;2021-08-22 12:38:48.959;1883;4615
WEB;Ethernet;2021-08-22 12:39:15.228;2021-08-22 12:39:21.223;1776;4219
WEB;Ethernet;2021-08-22 12:39:46.667;2021-08-22 12:39:56.135;1738;7730
WEB;Ethernet;2021-08-22 12:40:22.298;2021-08-22 12:40:28.997;1622;5077
WEB;Ethernet;2021-08-22 12:40:55.255;2021-08-22 12:41:01.633;2028;4350
WEB;Ethernet;2021-08-22 12:41:27.666;2021-08-22 12:41:34.550;1990;4894
WEB;Ethernet;2021-08-22 12:42:00.375;2021-08-22 12:42:07.048;1989;4684
WEB;Ethernet;2021-08-22 12:42:35.067;2021-08-22 12:42:41.773;1983;4723
WEB;Ethernet;2021-08-22 12:43:07.963;2021-08-22 12:43:15.792;2040;5789
WEB;Ethernet;2021-08-22 12:43:41.618;2021-08-22 12:43:48.291;1831;4842
WEB;Ethernet;2021-08-22 12:44:14.665;2021-08-22 12:44:20.999;2025;4309
WEB;Ethernet;2021-08-22 12:44:46.604;2021-08-22 12:44:52.485;1785;4096
WEB;Ethernet;2021-08-22 12:45:19.315;2021-08-22 12:45:28.801;2009;7477
WEB;Ethernet;2021-08-22 12:46:49.085;2021-08-22 12:46:55.839;1857;4897
WEB;Ethernet;2021-08-22 12:47:21.290;2021-08-22 12:47:27.964;1834;4840
WEB;Ethernet;2021-08-22 12:47:53.692;2021-08-22 12:48:00.793;2569;4532
WEB;Ethernet;2021-08-22 12:48:26.019;2021-08-22 12:48:32.607;2093;4495
WEB;Ethernet;2021-08-22 12:48:58.323;2021-08-22 12:49:04.810;1927;4560
WEB;Ethernet;2021-08-22 12:49:29.714;2021-08-22 12:49:36.110;1800;4596
WEB;Ethernet;2021-08-22 12:50:01.278;2021-08-22 12:50:08.088;1985;4825
WEB;Ethernet;2021-08-22 12:50:33.235;2021-08-22 12:50:42.594;1827;7532
WEB;Ethernet;2021-08-22 12:51:07.932;2021-08-22 12:51:14.096;1942;4222
WEB;Ethernet;2021-08-22 12:51:39.134;2021-08-22 12:51:45.531;1778;4619
WEB;Ethernet;2021-08-22 12:53:04.676;2021-08-22 12:53:11.406;1947;4783
WEB;Ethernet;2021-08-22 12:53:36.600;2021-08-22 12:53:43.644;2055;4989
WEB;Ethernet;2021-08-22 12:54:09.012;2021-08-22 12:54:15.346;1649;4685
WEB;Ethernet;2021-08-22 12:54:40.501;2021-08-22 12:54:46.593;1978;4114
WEB;Ethernet;2021-08-22 12:55:11.846;2021-08-22 12:55:18.560;2136;4578
WEB;Ethernet;2021-08-22 12:55:43.824;2021-08-22 12:55:52.703;1924;6955
WEB;Ethernet;2021-08-22 12:56:18.184;2021-08-22 12:56:24.748;1787;4777
WEB;Ethernet;2021-08-22 12:56:49.960;2021-08-22 12:56:56.377;1825;4592
WEB;Ethernet;2021-08-22 12:57:21.698;2021-08-22 12:57:28.190;1884;4608
WEB;Ethernet;2021-08-22 12:57:53.694;2021-08-22 12:58:00.263;2541;4027
WEB;Ethernet;2021-08-22 12:58:25.960;2021-08-22 12:58:32.281;2009;4311
WEB;Ethernet;2021-08-22 12:58:57.611;2021-08-22 12:59:04.210;1816;4783
WEB;Ethernet;2021-08-22 12:59:29.362;2021-08-22 12:59:35.527;1886;4279
WEB;Ethernet;2021-08-22 13:00:01.546;2021-08-22 13:00:07.559;1445;4568
WEB;Ethernet;2021-08-22 13:00:33.177;2021-08-22 13:00:39.984;1731;5076
WEB;Ethernet;2021-08-22 13:01:05.226;2021-08-22 13:01:14.657;1920;7511
WEB;Ethernet;2021-08-22 13:01:39.834;2021-08-22 13:01:46.543;1878;4831
WEB;Ethernet;2021-08-22 13:02:12.187;2021-08-22 13:02:18.390;1809;4394
WEB;Ethernet;2021-08-22 13:02:43.820;2021-08-22 13:02:50.476;1935;4721
WEB;Ethernet;2021-08-22 13:03:18.541;2021-08-22 13:03:26.073;2885;4647
WEB;Ethernet;2021-08-22 13:03:51.639;2021-08-22 13:04:02.402;3397;7366
WEB;Ethernet;2021-08-22 13:04:27.523;2021-08-22 13:04:34.237;2134;4580
WEB;Ethernet;2021-08-22 13:04:59.715;2021-08-22 13:05:06.092;1755;4622
WEB;Ethernet;2021-08-22 13:05:31.415;2021-08-22 13:05:39.483;4742;3326
WEB;Ethernet;2021-08-22 13:06:05.369;2021-08-22 13:06:12.387;2013;5005
WEB;Ethernet;2021-08-22 13:06:40.787;2021-08-22 13:06:51.857;1868;9202
WEB;Ethernet;2021-08-22 13:07:17.691;2021-08-22 13:07:24.364;1818;4855
WEB;Ethernet;2021-08-22 13:07:49.846;2021-08-22 13:07:57.602;3136;4620
WEB;Ethernet;2021-08-22 13:08:23.130;2021-08-22 13:08:29.658;1957;4571
WEB;Ethernet;2021-08-22 13:08:54.955;2021-08-22 13:09:01.433;1983;4495
WEB;Ethernet;2021-08-22 13:09:26.706;2021-08-22 13:09:33.119;1830;4583
WEB;Ethernet;2021-08-22 13:09:58.814;2021-08-22 13:10:05.393;1705;4874
WEB;Ethernet;2021-08-22 13:10:30.926;2021-08-22 13:10:36.998;1772;4300
WEB;Ethernet;2021-08-22 13:11:02.601;2021-08-22 13:11:09.369;1951;4817
WEB;Ethernet;2021-08-22 13:11:35.065;2021-08-22 13:11:42.366;2081;5220
WEB;Ethernet;2021-08-22 13:12:07.750;2021-08-22 13:12:19.002;1904;9348
WEB;Ethernet;2021-08-22 13:12:44.311;2021-08-22 13:12:50.329;1683;4335
WEB;Ethernet;2021-08-22 13:13:15.812;2021-08-22 13:13:21.753;1796;4145
WEB;Ethernet;2021-08-22 13:13:47.025;2021-08-22 13:13:53.518;2322;4171
WEB;Ethernet;2021-08-22 13:14:19.102;2021-08-22 13:14:25.736;1983;4651
WEB;Ethernet;2021-08-22 13:14:50.953;2021-08-22 13:14:58.122;1834;5335
WEB;Ethernet;2021-08-22 13:15:23.516;2021-08-22 13:15:30.037;1916;4605
WEB;Ethernet;2021-08-22 13:15:55.522;2021-08-22 13:16:01.853;1780;4551
WEB;Ethernet;2021-08-22 13:16:27.318;2021-08-22 13:16:34.063;1978;4767
WEB;Ethernet;2021-08-22 13:16:59.173;2021-08-22 13:17:05.836;2045;4618
WEB;Ethernet;2021-08-22 13:17:32.582;2021-08-22 13:17:43.299;1972;8745
WEB;Ethernet;2021-08-22 13:18:09.304;2021-08-22 13:18:16.548;2465;4779
WEB;Ethernet;2021-08-22 13:18:42.408;2021-08-22 13:18:48.462;1470;4584
WEB;Ethernet;2021-08-22 13:19:14.113;2021-08-22 13:19:20.652;1740;4799
WEB;Ethernet;2021-08-22 13:19:46.299;2021-08-22 13:19:52.760;1905;4556
WEB;Ethernet;2021-08-22 13:20:18.518;2021-08-22 13:20:24.473;1654;4301
WEB;Ethernet;2021-08-22 13:20:50.167;2021-08-22 13:20:56.562;1747;4648
WEB;Ethernet;2021-08-22 13:21:22.072;2021-08-22 13:21:28.600;1888;4640
WEB;Ethernet;2021-08-22 13:21:54.691;2021-08-22 13:22:01.487;1962;4834
WEB;Ethernet;2021-08-22 13:22:27.159;2021-08-22 13:22:33.178;1714;4305
WEB;Ethernet;2021-08-22 13:22:58.487;2021-08-22 13:23:08.127;2005;7635
WEB;Ethernet;2021-08-22 13:23:33.368;2021-08-22 13:23:39.402;1933;4101
WEB;Ethernet;2021-08-22 13:24:05.309;2021-08-22 13:24:11.540;1635;4596
WEB;Ethernet;2021-08-22 13:24:37.180;2021-08-22 13:24:43.406;1587;4639
WEB;Ethernet;2021-08-22 13:25:08.674;2021-08-22 13:25:15.160;2184;4302
WEB;Ethernet;2021-08-22 13:25:41.099;2021-08-22 13:25:47.430;2048;4283
WEB;Ethernet;2021-08-22 13:26:13.043;2021-08-22 13:26:19.812;1748;5021
WEB;Ethernet;2021-08-22 13:26:45.612;2021-08-22 13:26:51.922;1744;4566
WEB;Ethernet;2021-08-22 13:27:17.879;2021-08-22 13:27:23.739;1935;3925
WEB;Ethernet;2021-08-22 13:27:49.483;2021-08-22 13:27:55.776;1751;4542
WEB;Ethernet;2021-08-22 13:28:21.493;2021-08-22 13:28:31.961;2129;8339
WEB;Ethernet;2021-08-22 13:28:57.721;2021-08-22 13:29:04.067;1941;4405
WEB;Ethernet;2021-08-22 13:29:29.755;2021-08-22 13:29:35.991;1939;4297
WEB;Ethernet;2021-08-22 13:30:01.790;2021-08-22 13:30:08.228;1883;4555
WEB;Ethernet;2021-08-22 13:30:34.097;2021-08-22 13:30:40.283;1404;4782
WEB;Ethernet;2021-08-22 13:31:08.732;2021-08-22 13:31:16.536;2185;5619
WEB;Ethernet;2021-08-22 13:31:42.630;2021-08-22 13:31:52.456;2158;7668
WEB;Ethernet;2021-08-22 13:32:21.008;2021-08-22 13:32:38.807;4689;13110
WEB;Ethernet;2021-08-22 13:33:11.601;2021-08-22 13:33:19.665;2460;5604
WEB;Ethernet;2021-08-22 13:33:45.586;2021-08-22 13:33:58.766;3430;9750
WEB;Ethernet;2021-08-22 13:34:27.193;2021-08-22 13:34:34.045;1752;5100
WEB;Ethernet;2021-08-22 13:34:59.539;2021-08-22 13:35:06.104;2017;4547
WEB;Ethernet;2021-08-22 13:35:32.300;2021-08-22 13:35:38.837;2016;4521
WEB;Ethernet;2021-08-22 13:36:06.512;2021-08-22 13:36:13.292;2151;4629
WEB;Ethernet;2021-08-22 13:36:38.880;2021-08-22 13:36:45.405;1890;4635
WEB;Ethernet;2021-08-22 13:37:10.891;2021-08-22 13:37:17.238;1745;4602
WEB;Ethernet;2021-08-22 13:37:43.436;2021-08-22 13:37:49.590;1870;4284
WEB;Ethernet;2021-08-22 13:38:35.582;2021-08-22 13:38:42.495;2105;4808
WEB;Ethernet;2021-08-22 13:39:12.281;2021-08-22 13:39:21.000;2068;6651
WEB;Ethernet;2021-08-22 13:39:47.503;2021-08-22 13:39:53.683;1816;4364
WEB;Ethernet;2021-08-22 13:40:19.500;2021-08-22 13:40:26.197;1798;4899
WEB;Ethernet;2021-08-22 13:40:53.562;2021-08-22 13:41:00.376;2633;4181
WEB;Ethernet;2021-08-22 13:41:27.508;2021-08-22 13:41:35.249;2027;5714
WEB;Ethernet;2021-08-22 13:42:02.961;2021-08-22 13:42:10.369;1899;5509
WEB;Ethernet;2021-08-22 13:42:36.935;2021-08-22 13:42:43.526;1608;4983
WEB;Ethernet;2021-08-22 13:43:13.178;2021-08-22 13:43:19.482;2209;4094
WEB;Ethernet;2021-08-22 13:43:48.933;2021-08-22 13:43:56.537;2486;5118
WEB;Ethernet;2021-08-22 13:44:24.416;2021-08-22 13:44:34.783;1903;8464
WEB;Ethernet;2021-08-22 13:45:02.976;2021-08-22 13:45:09.870;2923;3971
WEB;Ethernet;2021-08-22 13:45:38.609;2021-08-22 13:45:44.941;2273;4059
WEB;Ethernet;2021-08-22 13:46:12.460;2021-08-22 13:46:18.764;1711;4593
WEB;Ethernet;2021-08-22 13:46:47.110;2021-08-22 13:46:53.608;1831;4667
WEB;Ethernet;2021-08-22 13:47:20.929;2021-08-22 13:47:27.821;2164;4728
WEB;Ethernet;2021-08-22 13:47:55.678;2021-08-22 13:48:02.324;1954;4692
WEB;Ethernet;2021-08-22 13:48:28.518;2021-08-22 13:48:35.499;2772;4209
WEB;Ethernet;2021-08-22 13:49:02.891;2021-08-22 13:49:09.393;1686;4816
WEB;Ethernet;2021-08-22 13:49:36.902;2021-08-22 13:49:45.422;2198;6322
WEB;Ethernet;2021-08-22 13:50:11.681;2021-08-22 13:50:18.405;2515;4209
WEB;Ethernet;2021-08-22 13:50:45.100;2021-08-22 13:50:51.238;1853;4285
WEB;Ethernet;2021-08-22 13:51:19.448;2021-08-22 13:51:26.397;1904;5045
WEB;Ethernet;2021-08-22 13:51:53.392;2021-08-22 13:51:59.700;1746;4562
WEB;Ethernet;2021-08-22 13:52:26.283;2021-08-22 13:52:32.527;2039;4205
WEB;Ethernet;2021-08-22 13:52:59.098;2021-08-22 13:53:05.479;2000;4381
WEB;Ethernet;2021-08-22 13:53:32.447;2021-08-22 13:53:39.210;1982;4781
WEB;Ethernet;2021-08-22 13:54:05.842;2021-08-22 13:54:11.795;1751;4202
WEB;Ethernet;2021-08-22 13:54:38.533;2021-08-22 13:54:48.944;2167;8244
WEB;Ethernet;2021-08-22 13:55:15.184;2021-08-22 13:55:21.292;1936;4172
WEB;Ethernet;2021-08-22 13:55:48.260;2021-08-22 13:55:54.884;2136;4488
WEB;Ethernet;2021-08-22 13:56:22.525;2021-08-22 13:56:29.008;1728;4755
WEB;Ethernet;2021-08-22 13:56:56.213;2021-08-22 13:57:03.098;2219;4666
WEB;Ethernet;2021-08-22 13:57:30.195;2021-08-22 13:57:36.991;1946;4850
WEB;Ethernet;2021-08-22 13:58:08.792;2021-08-22 13:58:16.360;2133;5435
WEB;Ethernet;2021-08-22 13:58:43.971;2021-08-22 13:58:50.416;1759;4686
WEB;Ethernet;2021-08-22 13:59:18.628;2021-08-22 13:59:25.265;2230;4407
WEB;Ethernet;2021-08-22 13:59:54.077;2021-08-22 14:00:04.032;1868;8087
WEB;Ethernet;2021-08-22 14:00:31.794;2021-08-22 14:00:38.065;1838;4433
WEB;Ethernet;2021-08-22 14:01:05.363;2021-08-22 14:01:13.212;1825;6024
WEB;Ethernet;2021-08-22 15:15:14.102;2021-08-22 15:15:24.740;2123;8515
WEB;Ethernet;2021-08-22 15:15:52.121;2021-08-22 15:15:58.731;1785;4825
WEB;Ethernet;2021-08-22 15:16:24.706;2021-08-22 15:16:30.954;1602;4646
WEB;Ethernet;2021-08-22 15:16:57.926;2021-08-22 15:17:04.307;1757;4624
WEB;Ethernet;2021-08-22 15:17:30.551;2021-08-22 15:17:37.622;2487;4584
WEB;Ethernet;2021-08-22 15:18:03.716;2021-08-22 15:18:10.130;1713;4701
WEB;Ethernet;2021-08-22 15:18:36.111;2021-08-22 15:18:42.679;1713;4855
WEB;Ethernet;2021-08-22 15:19:10.772;2021-08-22 15:19:17.149;1799;4578
WEB;Ethernet;2021-08-22 15:19:43.676;2021-08-22 15:19:50.135;1756;4703
WEB;Ethernet;2021-08-22 15:20:16.658;2021-08-22 15:20:25.359;1830;6871
WEB;Ethernet;2021-08-22 15:20:51.783;2021-08-22 15:20:58.726;2408;4535
WEB;Ethernet;2021-08-22 15:21:24.627;2021-08-22 15:21:31.769;2600;4542
WEB;Ethernet;2021-08-22 15:22:02.641;2021-08-22 15:22:08.912;1703;4568
WEB;Ethernet;2021-08-22 15:22:35.222;2021-08-22 15:22:41.708;1737;4749
WEB;Ethernet;2021-08-22 15:23:08.322;2021-08-22 15:23:14.695;1774;4599
WEB;Ethernet;2021-08-22 15:23:41.259;2021-08-22 15:23:47.627;1831;4537
WEB;Ethernet;2021-08-22 15:24:13.574;2021-08-22 15:24:20.247;1862;4811
WEB;Ethernet;2021-08-22 15:24:46.641;2021-08-22 15:24:53.713;2511;4561
WEB;Ethernet;2021-08-22 15:25:19.965;2021-08-22 15:25:29.767;1816;7986
WEB;Ethernet;2021-08-22 15:25:56.435;2021-08-22 15:26:02.904;1831;4638
WEB;Ethernet;2021-08-22 15:26:29.460;2021-08-22 15:26:36.189;2110;4619
WEB;Ethernet;2021-08-22 15:27:02.327;2021-08-22 15:27:08.523;1952;4244
WEB;Ethernet;2021-08-22 15:27:34.674;2021-08-22 15:27:40.805;1893;4238
WEB;Ethernet;2021-08-22 15:28:07.468;2021-08-22 15:28:13.944;1892;4584
WEB;Ethernet;2021-08-22 15:28:40.202;2021-08-22 15:28:46.826;1809;4815
WEB;Ethernet;2021-08-22 15:29:13.950;2021-08-22 15:29:20.024;1687;4387
WEB;Ethernet;2021-08-22 15:29:45.839;2021-08-22 15:29:52.049;1840;4370
WEB;Ethernet;2021-08-22 15:30:18.575;2021-08-22 15:30:24.864;1666;4623
WEB;Ethernet;2021-08-22 15:30:51.465;2021-08-22 15:31:00.698;1976;7257
WEB;Ethernet;2021-08-22 15:31:26.998;2021-08-22 15:31:36.396;2863;6535
WEB;Ethernet;2021-08-22 15:32:03.126;2021-08-22 15:32:09.808;2017;4665
WEB;Ethernet;2021-08-22 15:32:37.428;2021-08-22 15:32:43.861;1764;4669
WEB;Ethernet;2021-08-22 15:33:10.505;2021-08-22 15:33:16.966;1873;4588
WEB;Ethernet;2021-08-22 15:33:43.605;2021-08-22 15:33:50.000;1760;4635
WEB;Ethernet;2021-08-22 15:34:16.274;2021-08-22 15:34:22.618;1750;4594
WEB;Ethernet;2021-08-22 15:34:49.722;2021-08-22 15:34:56.608;1739;5147
WEB;Ethernet;2021-08-22 15:35:22.704;2021-08-22 15:35:29.009;1770;4535
WEB;Ethernet;2021-08-22 15:36:51.941;2021-08-22 15:36:58.420;1850;4629
WEB;Ethernet;2021-08-22 15:37:24.095;2021-08-22 15:37:30.206;2134;3977
WEB;Ethernet;2021-08-22 15:37:56.130;2021-08-22 15:38:02.612;2099;4383
WEB;Ethernet;2021-08-22 15:38:29.329;2021-08-22 15:38:35.920;2047;4544
WEB;Ethernet;2021-08-22 15:39:01.706;2021-08-22 15:39:08.220;1925;4589
WEB;Ethernet;2021-08-22 15:39:34.296;2021-08-22 15:39:40.396;1845;4255
WEB;Ethernet;2021-08-22 15:40:06.528;2021-08-22 15:40:13.677;1702;5447
WEB;Ethernet;2021-08-22 15:40:39.935;2021-08-22 15:40:46.618;1999;4684
WEB;Ethernet;2021-08-22 15:41:13.087;2021-08-22 15:41:24.409;1662;9660
WEB;Ethernet;2021-08-22 15:41:50.354;2021-08-22 15:41:57.237;1739;5144
WEB;Ethernet;2021-08-22 15:42:23.311;2021-08-22 15:42:29.918;1915;4692
WEB;Ethernet;2021-08-22 15:42:56.075;2021-08-22 15:43:02.219;1911;4233
WEB;Ethernet;2021-08-22 15:43:28.325;2021-08-22 15:43:34.850;2554;3971
WEB;Ethernet;2021-08-22 15:44:06.797;2021-08-22 15:44:13.590;2062;4731
WEB;Ethernet;2021-08-22 15:44:41.086;2021-08-22 15:44:48.016;1982;4948
WEB;Ethernet;2021-08-22 15:45:14.037;2021-08-22 15:45:20.527;1928;4562
WEB;Ethernet;2021-08-22 15:45:47.460;2021-08-22 15:45:54.007;1948;4599
WEB;Ethernet;2021-08-22 15:46:20.229;2021-08-22 15:46:29.920;1694;7997
WEB;Ethernet;2021-08-22 15:46:56.239;2021-08-22 15:47:03.026;1786;5001
WEB;Ethernet;2021-08-22 15:47:29.102;2021-08-22 15:47:35.367;1654;4611
WEB;Ethernet;2021-08-22 15:48:01.969;2021-08-22 15:48:08.788;1782;5037
WEB;Ethernet;2021-08-22 15:48:35.001;2021-08-22 15:48:41.786;2019;4766
WEB;Ethernet;2021-08-22 15:49:08.012;2021-08-22 15:49:16.097;2052;6033
WEB;Ethernet;2021-08-22 15:49:42.532;2021-08-22 15:49:49.168;1787;4849
WEB;Ethernet;2021-08-22 15:50:15.492;2021-08-22 15:50:21.487;2017;3978
WEB;Ethernet;2021-08-22 15:50:47.562;2021-08-22 15:50:54.500;2091;4847
WEB;Ethernet;2021-08-22 15:51:20.779;2021-08-22 15:51:27.389;2059;4551
WEB;Ethernet;2021-08-22 15:51:53.465;2021-08-22 15:52:02.913;1799;7649
WEB;Ethernet;2021-08-22 15:52:28.780;2021-08-22 15:52:35.632;1867;4985
WEB;Ethernet;2021-08-22 15:53:02.433;2021-08-22 15:53:09.428;2080;4915
WEB;Ethernet;2021-08-22 15:53:35.699;2021-08-22 15:53:41.826;2088;4038
WEB;Ethernet;2021-08-22 15:54:08.059;2021-08-22 15:54:14.388;2541;3788
WEB;Ethernet;2021-08-22 15:54:40.667;2021-08-22 15:54:47.274;1960;4647
WEB;Ethernet;2021-08-22 15:55:13.498;2021-08-22 15:55:19.647;1826;4323
WEB;Ethernet;2021-08-22 15:55:45.805;2021-08-22 15:55:52.291;1744;4742
WEB;Ethernet;2021-08-22 15:56:19.517;2021-08-22 15:56:25.445;1907;4021
WEB;Ethernet;2021-08-22 15:56:51.323;2021-08-22 15:56:58.419;1996;5100
WEB;Ethernet;2021-08-22 15:57:24.223;2021-08-22 15:57:33.660;1796;7641
WEB;Ethernet;2021-08-22 15:57:59.640;2021-08-22 15:58:06.044;1964;4440
WEB;Ethernet;2021-08-22 15:58:31.895;2021-08-22 15:58:38.474;1839;4740
WEB;Ethernet;2021-08-22 15:59:04.386;2021-08-22 15:59:10.407;1682;4339
WEB;Ethernet;2021-08-22 15:59:36.353;2021-08-22 15:59:42.717;1805;4559
WEB;Ethernet;2021-08-22 16:00:08.938;2021-08-22 16:00:15.543;2146;4459
WEB;Ethernet;2021-08-22 16:00:41.517;2021-08-22 16:00:47.993;1852;4624
WEB;Ethernet;2021-08-22 16:01:14.374;2021-08-22 16:01:20.726;1919;4433
WEB;Ethernet;2021-08-22 16:01:46.642;2021-08-22 16:01:53.174;1929;4603
WEB;Ethernet;2021-08-22 16:02:19.685;2021-08-22 16:02:26.522;1882;4955
WEB;Ethernet;2021-08-22 16:02:52.621;2021-08-22 16:03:02.738;1937;8180
WEB;Ethernet;2021-08-22 16:03:28.954;2021-08-22 16:03:36.347;2519;4874
WEB;Ethernet;2021-08-22 16:04:02.241;2021-08-22 16:04:08.895;1966;4688
WEB;Ethernet;2021-08-22 16:04:34.974;2021-08-22 16:04:41.311;2017;4320
WEB;Ethernet;2021-08-22 16:05:07.617;2021-08-22 16:05:14.306;2037;4651
WEB;Ethernet;2021-08-22 16:05:48.193;2021-08-22 16:05:55.424;2703;4528
WEB;Ethernet;2021-08-22 16:06:21.726;2021-08-22 16:06:28.660;1992;4942
WEB;Ethernet;2021-08-22 16:06:55.045;2021-08-22 16:07:02.980;2056;5879
WEB;Ethernet;2021-08-22 16:07:30.356;2021-08-22 16:07:37.804;2424;5024
WEB;Ethernet;2021-08-22 16:08:03.845;2021-08-22 16:08:13.340;2564;6931
WEB;Ethernet;2021-08-22 16:08:39.438;2021-08-22 16:08:45.466;1915;4113
WEB;Ethernet;2021-08-22 16:09:11.914;2021-08-22 16:09:18.329;1804;4611
WEB;Ethernet;2021-08-22 16:09:44.270;2021-08-22 16:09:50.986;2108;4608
WEB;Ethernet;2021-08-22 16:10:17.157;2021-08-22 16:10:23.801;1977;4667
WEB;Ethernet;2021-08-22 16:10:51.262;2021-08-22 16:10:58.312;1929;5121
WEB;Ethernet;2021-08-22 16:11:24.432;2021-08-22 16:11:30.757;1686;4639
WEB;Ethernet;2021-08-22 16:11:57.183;2021-08-22 16:12:03.997;1946;4868
WEB;Ethernet;2021-08-22 16:12:30.144;2021-08-22 16:12:36.453;1766;4543
WEB;Ethernet;2021-08-22 16:13:03.058;2021-08-22 16:13:09.547;1814;4675
WEB;Ethernet;2021-08-22 16:13:35.830;2021-08-22 16:13:46.681;1812;9039
WEB;Ethernet;2021-08-22 16:14:12.667;2021-08-22 16:14:19.433;1802;4964
WEB;Ethernet;2021-08-22 16:14:45.852;2021-08-22 16:14:52.738;1914;4972
WEB;Ethernet;2021-08-22 16:15:18.759;2021-08-22 16:15:25.070;1763;4548
WEB;Ethernet;2021-08-22 16:15:51.500;2021-08-22 16:15:57.905;1827;4578
WEB;Ethernet;2021-08-22 16:16:24.310;2021-08-22 16:16:30.686;1805;4571
WEB;Ethernet;2021-08-22 16:16:56.705;2021-08-22 16:17:03.222;2066;4451
WEB;Ethernet;2021-08-22 16:17:29.372;2021-08-22 16:17:36.064;1989;4703
WEB;Ethernet;2021-08-22 16:18:03.984;2021-08-22 16:18:10.268;1976;4308
WEB;Ethernet;2021-08-22 16:18:36.479;2021-08-22 16:18:43.017;1862;4676
WEB;Ethernet;2021-08-22 16:19:10.351;2021-08-22 16:19:19.182;1861;6970
WEB;Ethernet;2021-08-22 16:19:45.284;2021-08-22 16:19:51.397;1798;4315
WEB;Ethernet;2021-08-22 16:20:17.390;2021-08-22 16:20:24.314;2118;4806
WEB;Ethernet;2021-08-22 16:21:02.677;2021-08-22 16:21:09.664;2065;4922
WEB;Ethernet;2021-08-22 16:21:36.329;2021-08-22 16:21:43.175;1911;4935
WEB;Ethernet;2021-08-22 16:22:09.222;2021-08-22 16:22:15.724;1895;4607
WEB;Ethernet;2021-08-22 16:22:42.168;2021-08-22 16:22:48.826;1741;4917
WEB;Ethernet;2021-08-22 16:23:16.917;2021-08-22 16:23:24.163;2570;4676
WEB;Ethernet;2021-08-22 16:23:50.542;2021-08-22 16:23:59.171;3522;5107
WEB;Ethernet;2021-08-22 16:24:25.304;2021-08-22 16:24:35.051;2071;7676
WEB;Ethernet;2021-08-22 16:25:01.325;2021-08-22 16:25:07.821;2175;4321
WEB;Ethernet;2021-08-22 16:25:34.419;2021-08-22 16:25:40.487;1486;4582
WEB;Ethernet;2021-08-22 16:26:07.047;2021-08-22 16:26:13.525;1740;4738
WEB;Ethernet;2021-08-22 16:26:39.773;2021-08-22 16:26:47.424;1948;5703
WEB;Ethernet;2021-08-22 16:27:14.039;2021-08-22 16:27:20.942;1754;5149
WEB;Ethernet;2021-08-22 16:27:47.739;2021-08-22 16:27:54.408;1849;4820
WEB;Ethernet;2021-08-22 16:28:20.798;2021-08-22 16:28:27.385;1640;4947
WEB;Ethernet;2021-08-22 16:28:53.609;2021-08-22 16:29:00.208;1877;4722
WEB;Ethernet;2021-08-22 16:29:26.894;2021-08-22 16:29:33.487;2047;4546
WEB;Ethernet;2021-08-22 16:29:59.748;2021-08-22 16:30:11.121;2363;9010
WEB;Ethernet;2021-08-22 16:30:38.792;2021-08-22 16:30:45.416;2220;4404
WEB;Ethernet;2021-08-22 16:31:12.013;2021-08-22 16:31:18.463;2106;4344
WEB;Ethernet;2021-08-22 16:31:44.600;2021-08-22 16:31:51.464;2187;4677
WEB;Ethernet;2021-08-22 16:32:18.410;2021-08-22 16:32:25.070;1916;4744
WEB;Ethernet;2021-08-22 16:32:51.830;2021-08-22 16:32:59.554;3577;4147
WEB;Ethernet;2021-08-22 16:33:25.944;2021-08-22 16:33:32.611;1870;4797
WEB;Ethernet;2021-08-22 16:33:58.578;2021-08-22 16:34:05.072;1931;4563
WEB;Ethernet;2021-08-22 16:34:32.682;2021-08-22 16:34:39.112;1799;4631
WEB;Ethernet;2021-08-22 16:35:04.983;2021-08-22 16:35:14.521;2296;7242
WEB;Ethernet;2021-08-22 16:35:40.840;2021-08-22 16:35:47.936;2033;5063
WEB;Ethernet;2021-08-22 16:36:14.520;2021-08-22 16:36:21.029;1929;4580
WEB;Ethernet;2021-08-22 16:36:47.476;2021-08-22 16:36:54.044;1819;4749
WEB;Ethernet;2021-08-22 16:37:20.216;2021-08-22 16:37:26.924;2029;4679
WEB;Ethernet;2021-08-22 16:37:53.410;2021-08-22 16:38:00.886;2060;5416
WEB;Ethernet;2021-08-22 16:38:27.778;2021-08-22 16:38:35.909;2572;5559
WEB;Ethernet;2021-08-22 16:39:01.948;2021-08-22 16:39:08.616;2035;4633
WEB;Ethernet;2021-08-22 16:39:35.033;2021-08-22 16:39:41.430;1800;4597
WEB;Ethernet;2021-08-22 16:40:08.032;2021-08-22 16:40:17.490;2040;7418
WEB;Ethernet;2021-08-22 16:40:43.557;2021-08-22 16:40:50.444;2199;4688
WEB;Ethernet;2021-08-22 16:41:18.369;2021-08-22 16:41:25.131;2144;4618
WEB;Ethernet;2021-08-22 16:41:51.409;2021-08-22 16:41:58.096;2048;4639
WEB;Ethernet;2021-08-22 16:42:24.585;2021-08-22 16:42:31.345;2445;4315
WEB;Ethernet;2021-08-22 16:42:57.899;2021-08-22 16:43:04.852;2122;4831
WEB;Ethernet;2021-08-22 16:43:31.357;2021-08-22 16:43:37.921;1984;4580
WEB;Ethernet;2021-08-22 16:44:04.507;2021-08-22 16:44:10.844;1708;4629
WEB;Ethernet;2021-08-22 16:44:37.321;2021-08-22 16:44:43.557;2258;3978
WEB;Ethernet;2021-08-22 16:45:09.869;2021-08-22 16:45:16.223;1986;4368
WEB;Ethernet;2021-08-22 16:45:42.177;2021-08-22 16:45:52.797;2614;8006
WEB;Ethernet;2021-08-22 16:46:21.436;2021-08-22 16:46:28.764;2334;4994
WEB;Ethernet;2021-08-22 16:46:54.987;2021-08-22 16:47:01.243;2007;4249
WEB;Ethernet;2021-08-22 16:47:28.314;2021-08-22 16:47:35.396;2520;4562
WEB;Ethernet;2021-08-22 16:48:01.275;2021-08-22 16:48:08.070;2016;4779
WEB;Ethernet;2021-08-22 16:48:34.622;2021-08-22 16:48:41.098;2025;4451
WEB;Ethernet;2021-08-22 16:49:06.474;2021-08-22 16:49:14.000;2766;4760
WEB;Ethernet;2021-08-22 16:49:41.175;2021-08-22 16:49:47.434;2027;4232
WEB;Ethernet;2021-08-22 16:50:13.947;2021-08-22 16:50:20.063;1978;4138
WEB;Ethernet;2021-08-22 16:50:47.232;2021-08-22 16:50:57.110;1916;7962
WEB;Ethernet;2021-08-22 16:51:23.622;2021-08-22 16:51:29.997;1793;4582
WEB;Ethernet;2021-08-22 16:51:56.257;2021-08-22 16:52:03.097;1831;5009
WEB;Ethernet;2021-08-22 16:52:29.223;2021-08-22 16:52:35.387;2138;4026
WEB;Ethernet;2021-08-22 16:53:01.776;2021-08-22 16:53:07.969;1760;4433
WEB;Ethernet;2021-08-22 16:53:34.541;2021-08-22 16:53:42.536;3188;4807
WEB;Ethernet;2021-08-22 16:54:08.800;2021-08-22 16:54:15.469;2048;4621
WEB;Ethernet;2021-08-22 16:54:41.645;2021-08-22 16:54:48.197;1879;4673
WEB;Ethernet;2021-08-22 16:55:14.849;2021-08-22 16:55:21.590;2059;4682
WEB;Ethernet;2021-08-22 16:55:47.923;2021-08-22 16:55:54.405;1652;4830
WEB;Ethernet;2021-08-22 16:56:20.772;2021-08-22 16:56:29.686;1992;6922
WEB;Ethernet;2021-08-22 16:56:56.340;2021-08-22 16:57:03.027;1898;4789
WEB;Ethernet;2021-08-22 16:57:29.653;2021-08-22 16:57:36.137;2069;4415
WEB;Ethernet;2021-08-22 16:58:02.774;2021-08-22 16:58:08.713;1766;4173
WEB;Ethernet;2021-08-22 16:58:35.378;2021-08-22 16:58:41.659;1738;4543
WEB;Ethernet;2021-08-22 16:59:07.973;2021-08-22 16:59:14.407;1762;4672
WEB;Ethernet;2021-08-22 16:59:41.988;2021-08-22 16:59:49.304;1906;5410
WEB;Ethernet;2021-08-22 17:00:15.803;2021-08-22 17:00:22.609;1952;4854
WEB;Ethernet;2021-08-22 17:00:48.942;2021-08-22 17:00:55.400;2098;4360
WEB;Ethernet;2021-08-22 17:01:22.168;2021-08-22 17:01:32.469;1938;8363
WEB;Ethernet;2021-08-22 17:01:59.865;2021-08-22 17:02:06.830;2713;4252
WEB;Ethernet;2021-08-22 17:02:33.313;2021-08-22 17:02:39.458;1778;4367
WEB;Ethernet;2021-08-22 17:03:06.207;2021-08-22 17:03:15.407;3323;5877
WEB;Ethernet;2021-08-22 17:03:42.031;2021-08-22 17:03:49.595;1852;5712
WEB;Ethernet;2021-08-22 17:04:17.059;2021-08-22 17:04:25.894;1854;6981
WEB;Ethernet;2021-08-22 17:04:52.830;2021-08-22 17:04:59.203;2107;4266
WEB;Ethernet;2021-08-22 17:05:25.181;2021-08-22 17:05:32.387;1669;5537
WEB;Ethernet;2021-08-22 17:05:59.128;2021-08-22 17:06:05.678;1825;4725
WEB;Ethernet;2021-08-22 17:06:32.141;2021-08-22 17:06:42.919;1753;9025
WEB;Ethernet;2021-08-22 17:07:09.345;2021-08-22 17:07:15.759;1894;4520
WEB;Ethernet;2021-08-22 17:07:42.438;2021-08-22 17:07:48.930;1902;4590
WEB;Ethernet;2021-08-22 17:08:17.288;2021-08-22 17:08:24.696;2713;4695
WEB;Ethernet;2021-08-22 17:08:59.447;2021-08-22 17:09:06.182;2198;4537
WEB;Ethernet;2021-08-22 17:09:38.132;2021-08-22 17:09:46.862;3743;4987
WEB;Ethernet;2021-08-22 17:10:16.216;2021-08-22 17:10:22.878;1763;4899
WEB;Ethernet;2021-08-22 17:10:49.339;2021-08-22 17:10:56.053;1865;4849
WEB;Ethernet;2021-08-22 17:11:23.088;2021-08-22 17:11:29.738;1759;4891
WEB;Ethernet;2021-08-22 17:11:55.992;2021-08-22 17:12:06.134;1920;8222
WEB;Ethernet;2021-08-22 17:12:32.541;2021-08-22 17:12:38.931;1779;4611
WEB;Ethernet;2021-08-22 17:13:05.259;2021-08-22 17:13:11.542;1864;4419
WEB;Ethernet;2021-08-22 17:13:37.641;2021-08-22 17:13:44.742;2074;5027
WEB;Ethernet;2021-08-22 17:14:11.673;2021-08-22 17:14:18.111;1912;4526
WEB;Ethernet;2021-08-22 17:14:44.352;2021-08-22 17:14:50.883;1959;4572
WEB;Ethernet;2021-08-22 17:15:16.947;2021-08-22 17:15:23.328;2529;3852
WEB;Ethernet;2021-08-22 17:15:49.923;2021-08-22 17:15:56.475;1648;4904
WEB;Ethernet;2021-08-22 17:16:23.670;2021-08-22 17:16:29.996;1718;4608
WEB;Ethernet;2021-08-22 17:16:56.606;2021-08-22 17:17:03.309;2048;4655
WEB;Ethernet;2021-08-22 17:17:29.725;2021-08-22 17:17:39.497;1998;7774
WEB;Ethernet;2021-08-22 17:18:05.847;2021-08-22 17:18:12.431;1976;4608
WEB;Ethernet;2021-08-22 17:18:38.641;2021-08-22 17:18:44.979;2024;4314
WEB;Ethernet;2021-08-22 17:19:11.725;2021-08-22 17:19:17.913;1761;4427
WEB;Ethernet;2021-08-22 17:19:44.294;2021-08-22 17:19:50.541;1845;4402
WEB;Ethernet;2021-08-22 17:20:17.099;2021-08-22 17:20:23.281;1869;4313
WEB;Ethernet;2021-08-22 17:20:49.640;2021-08-22 17:20:55.877;1831;4406
WEB;Ethernet;2021-08-22 17:21:21.961;2021-08-22 17:21:28.531;1956;4614
WEB;Ethernet;2021-08-22 17:21:54.488;2021-08-22 17:22:01.476;2025;4963
WEB;Ethernet;2021-08-22 17:22:27.871;2021-08-22 17:22:34.158;2017;4269
WEB;Ethernet;2021-08-22 17:23:00.537;2021-08-22 17:23:10.413;2615;7261
WEB;Ethernet;2021-08-22 17:23:36.832;2021-08-22 17:23:43.031;2518;3681
WEB;Ethernet;2021-08-22 17:24:09.504;2021-08-22 17:24:15.994;1863;4627
WEB;Ethernet;2021-08-22 17:24:42.261;2021-08-22 17:24:48.442;2168;4013
WEB;Ethernet;2021-08-22 17:25:14.389;2021-08-22 17:25:20.733;2230;4114
WEB;Ethernet;2021-08-22 17:25:46.999;2021-08-22 17:25:53.391;1835;4557
WEB;Ethernet;2021-08-22 17:26:19.949;2021-08-22 17:26:26.555;1924;4682
WEB;Ethernet;2021-08-22 17:26:52.882;2021-08-22 17:26:59.469;1968;4619
WEB;Ethernet;2021-08-22 17:27:25.844;2021-08-22 17:27:33.084;1932;5308
WEB;Ethernet;2021-08-22 17:27:59.626;2021-08-22 17:28:07.017;2417;4974
WEB;Ethernet;2021-08-22 17:28:33.801;2021-08-22 17:28:44.133;2513;7819
WEB;Ethernet;2021-08-22 17:29:10.250;2021-08-22 17:29:16.472;1849;4373
WEB;Ethernet;2021-08-22 17:29:43.011;2021-08-22 17:29:49.311;1996;4304
WEB;Ethernet;2021-08-22 17:30:15.907;2021-08-22 17:30:22.467;1793;4767
WEB;Ethernet;2021-08-22 17:30:48.776;2021-08-22 17:30:56.335;2065;5494
WEB;Ethernet;2021-08-22 17:31:22.871;2021-08-22 17:31:31.189;3096;5222
WEB;Ethernet;2021-08-22 17:32:01.765;2021-08-22 17:32:09.543;2054;5724
WEB;Ethernet;2021-08-22 17:32:36.740;2021-08-22 17:32:43.603;2065;4798
WEB;Ethernet;2021-08-22 17:33:21.808;2021-08-22 17:33:28.564;2016;4740
WEB;Ethernet;2021-08-22 17:33:55.806;2021-08-22 17:34:08.547;2779;9962
WEB;Ethernet;2021-08-22 17:34:35.060;2021-08-22 17:34:41.165;1791;4314
WEB;Ethernet;2021-08-22 17:35:08.007;2021-08-22 17:35:14.610;1944;4659
WEB;Ethernet;2021-08-22 17:35:41.956;2021-08-22 17:35:48.360;1990;4414
WEB;Ethernet;2021-08-22 17:36:15.719;2021-08-22 17:36:22.199;2199;4281
WEB;Ethernet;2021-08-22 17:36:48.981;2021-08-22 17:36:56.248;2064;5203
WEB;Ethernet;2021-08-22 17:37:23.921;2021-08-22 17:37:31.189;2595;4673
WEB;Ethernet;2021-08-22 17:37:58.119;2021-08-22 17:38:04.523;1953;4451
WEB;Ethernet;2021-08-22 17:38:31.049;2021-08-22 17:38:37.296;2017;4230
WEB;Ethernet;2021-08-22 17:39:03.699;2021-08-22 17:39:13.965;2108;8157
WEB;Ethernet;2021-08-22 17:39:40.815;2021-08-22 17:39:47.176;2137;4224
WEB;Ethernet;2021-08-22 17:40:14.464;2021-08-22 17:40:20.908;1964;4480
WEB;Ethernet;2021-08-22 17:40:47.717;2021-08-22 17:40:54.576;2041;4818
WEB;Ethernet;2021-08-22 17:41:21.783;2021-08-22 17:41:28.502;1875;4844
WEB;Ethernet;2021-08-22 17:41:56.432;2021-08-22 17:42:03.957;3072;4453
WEB;Ethernet;2021-08-22 17:42:30.681;2021-08-22 17:42:37.788;1817;5290
WEB;Ethernet;2021-08-22 17:43:04.602;2021-08-22 17:43:11.504;2099;4803
WEB;Ethernet;2021-08-22 17:43:38.409;2021-08-22 17:43:45.655;1884;5362
WEB;Ethernet;2021-08-22 17:44:12.697;2021-08-22 17:44:21.400;2174;6529
WEB;Ethernet;2021-08-22 17:44:47.825;2021-08-22 17:44:54.420;1944;4651
WEB;Ethernet;2021-08-22 17:45:21.281;2021-08-22 17:45:28.079;1915;4883
WEB;Ethernet;2021-08-22 17:45:54.648;2021-08-22 17:46:01.473;1982;4843
WEB;Ethernet;2021-08-22 17:46:29.185;2021-08-22 17:46:36.925;2436;5304
WEB;Ethernet;2021-08-22 17:47:03.537;2021-08-22 17:47:10.149;1819;4793
WEB;Ethernet;2021-08-22 17:47:36.790;2021-08-22 17:47:43.267;2252;4225
WEB;Ethernet;2021-08-22 17:48:09.735;2021-08-22 17:48:17.188;2033;5419
WEB;Ethernet;2021-08-22 17:48:44.044;2021-08-22 17:48:50.804;1992;4768
WEB;Ethernet;2021-08-22 17:49:17.324;2021-08-22 17:49:26.046;2028;6694
WEB;Ethernet;2021-08-22 17:49:52.774;2021-08-22 17:49:59.247;1964;4509
WEB;Ethernet;2021-08-22 17:50:25.822;2021-08-22 17:50:32.299;1879;4598
WEB;Ethernet;2021-08-22 17:51:00.687;2021-08-22 17:51:08.161;2224;5250
WEB;Ethernet;2021-08-22 17:51:34.664;2021-08-22 17:51:40.999;2009;4326
WEB;Ethernet;2021-08-22 17:52:09.798;2021-08-22 17:52:16.157;1965;4394
WEB;Ethernet;2021-08-22 17:52:42.876;2021-08-22 17:52:49.008;1757;4375
WEB;Ethernet;2021-08-22 17:53:16.609;2021-08-22 17:53:23.253;1763;4881
WEB;Ethernet;2021-08-22 17:53:49.842;2021-08-22 17:53:56.303;1849;4612
WEB;Ethernet;2021-08-22 17:54:23.151;2021-08-22 17:54:32.522;1883;7488
